customer_id,full_name,city,district,occupation,segment,monthly_income_xof,preferred_channel,mobile_app_active,internet_banking_active,mobile_money_linked,risk_band,marketing_opt_in,nb_accounts,total_balance_xof,avg_balance_90d_xof,has_salary_domiciliation,nb_transactions,total_transaction_amount_xof,last_transaction_date,nb_disputed_transactions,nb_loans,total_loan_balance_xof,max_days_past_due,nb_cards,card_spend_90d_xof,ecommerce_enabled,nb_complaints,nb_high_severity_complaints,nb_interactions,nb_negative_interactions,nb_offers,nb_accepted_offers,total_expected_offer_value_xof,nb_digital_events,last_digital_event_date,nb_digital_events_30d,nb_failed_digital_events_30d,customer_value_segment,is_digital_engaged,is_digitally_dormant,activity_status,churn_risk_segment,next_best_action
C0049,Aminata Kouassi,San Pedro,Bardot,Student,Mass,288232.0,Mobile App,false,false,false,Medium,true,1,588130.0,493969.0,0,33,5395091.0,2025-12-23 10:45:00,0,0,0.0,0.0,1,345246.0,1,0,0,1,0,2,1,223034.0,0,,0,0,Low Value,false,true,Active,Low Risk,Digital Activation
C0050,Mariam Coulibaly,Abidjan,Plateau,Civil servant,Mass,569937.0,ATM,true,false,true,Low,true,1,831932.0,523414.0,1,13,1977296.0,2025-12-23 12:27:00,0,0,0.0,0.0,1,467798.0,0,0,0,1,0,2,0,92689.0,0,,0,0,Medium Value,true,true,Active,Low Risk,Personal Loan Offer
C0054,Aminata Kouame,Abidjan,Treichville,SME employee,Youth,194852.0,Mobile App,true,false,false,Medium,true,1,945651.0,640919.0,0,25,4891483.0,2025-12-29 21:53:00,1,0,0.0,0.0,1,17817.0,0,0,0,3,0,2,0,260406.0,0,,0,0,Low Value,true,true,Active,High Risk,Digital Activation
C0059,Nguessan Mendy,San Pedro,Bardot,Consultant,Mass,464146.0,Internet Banking,true,false,true,Low,false,1,1082011.0,807119.0,1,31,6682634.0,2025-12-30 20:48:00,0,0,0.0,0.0,1,266315.0,0,0,0,1,0,1,0,174042.0,0,,0,0,Medium Value,true,true,Active,Low Risk,Digital Activation
C0062,Sarah Mendy,Abidjan,Cocody,Engineer,Affluent,1322994.0,Branch,true,false,false,Low,true,1,1944689.0,2717162.0,1,27,6904441.0,2025-12-21 11:32:00,1,0,0.0,0.0,1,426129.0,1,0,0,3,1,2,0,251581.0,0,,0,0,Medium Value,true,true,Active,High Risk,Personal Loan Offer
C0077,Yao NGuessan,Abidjan,Cocody,Trader,Mass,420514.0,Branch,true,false,false,Low,true,1,1917482.0,1382773.0,0,20,5690398.0,2025-12-21 16:35:00,0,0,0.0,0.0,1,617275.0,1,0,0,1,0,2,1,328944.0,0,,0,0,Medium Value,true,true,Active,Low Risk,Digital Activation
C0078,Fatou Coulibaly,Abidjan,Treichville,Engineer,Affluent,1652742.0,ATM,true,false,true,Low,true,1,4682858.0,4504548.0,0,21,8566738.0,2025-12-20 08:05:00,1,0,0.0,0.0,1,609053.0,0,0,0,1,1,1,1,197501.0,0,,0,0,High Value,true,true,Active,High Risk,Personal Loan Offer
C0079,Amin Aka,Abidjan,Cocody,Entrepreneur,Youth,147927.0,Mobile App,true,true,false,Low,false,1,275657.0,263984.0,1,32,4690343.0,2025-12-28 16:09:00,1,0,0.0,0.0,1,420346.0,1,0,0,2,1,1,0,155191.0,0,,0,0,Low Value,true,true,Active,High Risk,Digital Activation
C0083,Yao Toure,Abidjan,Marcory,Engineer,Mass,425648.0,Branch,true,false,true,Low,false,1,1909522.0,1283829.0,0,30,9532207.0,2025-12-29 19:11:00,1,0,0.0,0.0,1,100684.0,1,0,0,3,3,1,0,196476.0,0,,0,0,Medium Value,true,true,Active,High Risk,Digital Activation
C0093,Nene Mendy,Abidjan,Yopougon,Teacher,Mass,347749.0,Internet Banking,true,false,true,Low,true,2,1343322.0,626198.5,0,35,10510004.0,2025-11-22 08:44:00,1,0,0.0,0.0,1,472578.0,1,0,0,2,1,2,0,118941.0,0,,0,0,Medium Value,true,true,Active,High Risk,Digital Activation
C0094,Blaise Kacou,Abidjan,Marcory,Student,Mass,520266.0,Internet Banking,true,false,false,Low,true,1,1288033.0,1155143.0,0,28,4951694.0,2025-11-01 11:47:00,0,0,0.0,0.0,1,620300.0,1,0,0,2,1,2,1,314788.0,0,,0,0,Medium Value,true,true,Active,Medium Risk,Personal Loan Offer
C0096,Bintou Mendy,Korhogo,Koko,Entrepreneur,Youth,68135.0,Mobile App,false,false,false,Low,true,1,194242.0,177102.0,0,25,4901863.0,2025-11-26 12:55:00,0,0,0.0,0.0,1,579067.0,1,0,0,1,1,1,0,178225.0,0,,0,0,Low Value,false,true,Active,Medium Risk,Digital Activation
C0108,Aminata Kouassi,Abidjan,Adjame,Trader,Mass,536570.0,Internet Banking,true,false,true,Low,true,2,3492070.0,1205599.5,1,29,6207032.0,2025-10-26 21:02:00,0,0,0.0,0.0,1,268004.0,1,0,0,1,0,1,0,33229.0,0,,0,0,Medium Value,true,true,Active,Low Risk,Personal Loan Offer
C0125,Solange Koffi,Yamoussoukro,Morofe,Trader,Mass,382015.0,Branch,true,false,false,Low,true,1,369847.0,412425.0,0,30,9541358.0,2025-12-22 11:12:00,0,0,0.0,0.0,1,450019.0,1,0,0,3,2,1,1,48645.0,0,,0,0,Low Value,true,true,Active,High Risk,Digital Activation
C0021,Clarisse Soro,Bouake,Kennedy,Consultant,Affluent,1795319.0,Internet Banking,true,false,true,Low,true,1,3865876.0,5292022.0,0,23,5841475.0,2025-11-12 21:24:00,1,0,0.0,0.0,0,0.0,0,1,0,1,0,2,0,111150.0,0,,0,0,High Value,true,true,Active,High Risk,Card Offer
C0039,Rokia Aka,Bouake,Kennedy,Student,Affluent,1768842.0,Internet Banking,false,true,false,Medium,true,2,7852628.0,4379474.5,1,56,18329248.0,2025-12-24 09:02:00,1,0,0.0,0.0,0,0.0,0,1,1,2,0,1,0,122957.0,0,,0,0,High Value,true,true,Active,High Risk,Card Offer
C0042,Yao Mendy,Abidjan,Adjame,Salaried employee,Mass,646036.0,ATM,true,true,true,Low,true,1,928905.0,1136214.0,1,30,10872762.0,2025-12-22 08:12:00,1,0,0.0,0.0,0,0.0,0,1,0,2,1,1,1,128904.0,0,,0,0,Medium Value,true,true,Active,High Risk,Card Offer
C0091,Abdoulaye Toure,San Pedro,Lac,Salaried employee,Affluent,1244715.0,Branch,false,true,true,Low,false,1,4020357.0,2878059.0,0,22,4724430.0,2025-12-12 21:34:00,0,0,0.0,0.0,0,0.0,0,1,1,1,1,1,1,88272.0,0,,0,0,Medium Value,true,true,Active,High Risk,Card Offer
C0124,Abdoulaye Toure,Bouake,Kennedy,Engineer,Premier,3602816.0,ATM,false,true,false,Low,true,2,14602995.0,5570393.0,1,51,18725673.0,2025-12-28 16:30:00,0,0,0.0,0.0,0,0.0,0,1,0,1,0,1,1,144558.0,0,,0,0,High Value,true,true,Active,Medium Risk,Card Offer
C0015,Murielle Kone,Abidjan,Treichville,Student,Premier,3584280.0,Internet Banking,true,true,false,Low,true,2,18706894.0,7548806.0,1,38,11306350.0,2025-12-23 14:43:00,1,1,2807924.0,10.0,1,216984.0,1,1,1,1,1,1,0,203341.0,0,,0,0,High Value,true,true,Active,High Risk,Digital Activation
C0052,Mariam Bamba,Abidjan,Adjame,Trader,Mass,544486.0,ATM,true,true,true,Low,false,2,2842917.0,1169539.0,1,27,5570024.0,2025-12-12 14:38:00,0,1,2497776.0,30.0,1,11464.0,1,1,0,1,0,1,1,79404.0,0,,0,0,Medium Value,true,true,Active,Medium Risk,Digital Activation
C0070,Awa Bamba,Abidjan,Marcory,Salaried employee,Mass,442417.0,ATM,true,false,false,High,true,1,111314.0,174489.0,0,30,4855573.0,2025-12-25 21:29:00,0,1,1581095.0,0.0,1,124518.0,0,1,0,1,0,2,1,273760.0,0,,0,0,Low Value,true,true,Active,Medium Risk,Digital Activation
C0082,Solange Toure,Abidjan,Cocody,Civil servant,Mass,302996.0,ATM,true,false,true,Low,false,1,134781.0,182542.0,1,17,5423843.0,2025-11-26 17:08:00,0,1,422277.0,10.0,1,629285.0,1,1,0,1,0,2,1,187910.0,0,,0,0,Low Value,true,true,Active,Medium Risk,Digital Activation
C0112,Bintou Coulibaly,Abidjan,Marcory,SME employee,Mass,507727.0,Internet Banking,true,false,true,Low,true,2,2218479.0,927388.5,1,48,11101748.0,2025-12-27 08:38:00,1,1,681434.0,0.0,1,632015.0,1,1,0,1,0,2,1,143795.0,0,,0,0,Medium Value,true,true,Active,High Risk,Digital Activation
C0136,Murielle Coulibaly,Abidjan,Marcory,Engineer,Premier,1981122.0,Branch,true,false,true,Low,true,2,19223407.0,6220033.5,1,65,12318446.0,2025-12-31 19:19:00,1,1,1401699.0,0.0,1,397762.0,1,1,0,1,1,1,0,239213.0,0,,0,0,High Value,true,true,Active,High Risk,Digital Activation
C0012,Sarah Bamba,Abidjan,Plateau,Teacher,Affluent,1705191.0,Mobile App,true,false,false,Low,false,2,6177664.0,2374033.5,1,64,19018191.0,2025-12-15 08:43:00,3,0,0.0,0.0,0,0.0,0,0,0,2,0,1,0,129649.0,0,,0,0,High Value,true,true,Active,High Risk,Card Offer
C0014,Nene Konan,Abidjan,Adjame,Salaried employee,Premier,3905512.0,ATM,false,false,false,Low,false,2,23623935.0,7879682.5,1,55,16412506.0,2025-12-20 16:32:00,1,0,0.0,0.0,0,0.0,0,0,0,1,0,2,1,209185.0,0,,0,0,High Value,false,true,Active,High Risk,Card Offer
C0030,Rokia Diabate,Abidjan,Treichville,Trader,Mass,619589.0,Internet Banking,true,false,false,Low,true,1,1735220.0,2276388.0,0,22,7233482.0,2025-12-28 14:07:00,0,0,0.0,0.0,0,0.0,0,0,0,2,2,1,0,116871.0,0,,0,0,Medium Value,true,true,Active,High Risk,Card Offer
C0048,Nadia Bakayoko,Abidjan,Yopougon,Health worker,Mass,651703.0,Internet Banking,true,true,true,Low,true,2,3964921.0,1911702.0,1,65,22421017.0,2025-12-29 18:52:00,4,0,0.0,0.0,0,0.0,0,0,0,1,0,2,1,39754.0,0,,0,0,Medium Value,true,true,Active,High Risk,Card Offer
C0060,Amin Soro,Abidjan,Cocody,Teacher,Mass,635625.0,Internet Banking,false,false,false,Medium,false,1,1662280.0,1567263.0,1,28,5953116.0,2025-12-30 21:10:00,0,0,0.0,0.0,0,0.0,0,0,0,2,0,1,0,17426.0,0,,0,0,Medium Value,false,true,Active,Low Risk,Card Offer
C0068,Solange Bamba,Abidjan,Cocody,Salaried employee,Premier,3413340.0,Mobile App,true,false,false,Low,true,2,16120672.0,11288371.0,1,26,3266856.0,2025-12-18 09:48:00,1,0,0.0,0.0,0,0.0,0,0,0,1,1,2,1,163525.0,0,,0,0,High Value,true,true,Active,High Risk,Card Offer
C0089,Moussa Kone,Abidjan,Marcory,Civil servant,Mass,447221.0,Mobile App,true,false,true,Low,true,1,630635.0,449799.0,1,12,3723446.0,2025-11-03 10:28:00,0,0,0.0,0.0,0,0.0,0,0,0,1,1,2,0,334962.0,0,,0,0,Low Value,true,true,Active,Medium Risk,Card Offer
C0095,Koffi Kouame,Korhogo,Soba,Consultant,Mass,348967.0,ATM,true,true,false,Low,true,1,810014.0,714791.0,0,31,3856778.0,2025-12-29 14:22:00,1,0,0.0,0.0,0,0.0,0,0,0,2,2,1,0,59653.0,0,,0,0,Low Value,true,true,Active,High Risk,Card Offer
C0117,Nene Kouame,Abidjan,Marcory,Entrepreneur,Mass,196188.0,Internet Banking,true,false,false,Low,true,1,551230.0,523673.0,1,37,8836864.0,2025-12-25 10:25:00,0,0,0.0,0.0,0,0.0,0,0,0,3,0,1,0,117954.0,0,,0,0,Low Value,true,true,Active,Low Risk,Card Offer
C0122,Sarah Soro,Abidjan,Plateau,Engineer,Mass,418330.0,Internet Banking,true,true,true,Low,true,1,932257.0,956629.0,1,18,3050829.0,2025-12-26 13:42:00,1,0,0.0,0.0,0,0.0,0,0,0,2,0,2,0,298782.0,0,,0,0,Low Value,true,true,Active,High Risk,Card Offer
C0006,Awa Konan,Abidjan,Treichville,Consultant,Mass,452315.0,Internet Banking,true,false,false,Low,true,2,2021562.0,789730.5,1,33,4061918.0,2025-12-31 07:02:00,2,1,1003383.0,0.0,1,297096.0,1,0,0,1,0,1,0,55661.0,0,,0,0,Medium Value,true,true,Active,High Risk,Digital Activation
C0013,Clarisse Yao,Korhogo,Koko,Engineer,Mass,190413.0,Internet Banking,true,false,true,High,true,1,775685.0,628445.0,0,28,10508823.0,2025-12-29 19:33:00,2,1,2615223.0,0.0,1,42405.0,1,0,0,3,2,2,1,142109.0,0,,0,0,Low Value,true,true,Active,High Risk,Digital Activation
C0076,Murielle Toure,San Pedro,Lac,Student,Mass,491416.0,Internet Banking,true,true,false,Medium,true,2,2037978.0,791596.0,1,51,11033182.0,2025-12-29 13:16:00,1,1,207580.0,0.0,1,533897.0,1,0,0,1,1,2,0,225630.0,0,,0,0,Medium Value,true,true,Active,High Risk,Digital Activation
C0103,Nene Aka,San Pedro,Lac,Teacher,Mass,487670.0,Mobile App,false,false,false,Low,true,2,3449459.0,1749767.5,1,41,9594092.0,2025-12-26 10:26:00,0,1,1519642.0,0.0,1,99027.0,1,0,0,1,0,2,1,164258.0,0,,0,0,Medium Value,false,true,Active,Low Risk,Digital Activation
C0118,Moussa Mendy,Abidjan,Yopougon,Consultant,Mass,542165.0,Internet Banking,true,false,true,High,true,2,1832214.0,805737.5,1,48,12524665.0,2025-11-17 19:41:00,1,1,2267944.0,0.0,1,530357.0,1,0,0,2,0,1,0,18426.0,0,,0,0,Medium Value,true,true,Active,High Risk,Digital Activation
C0134,Aminata Mendy,Abidjan,Yopougon,Civil servant,Affluent,1642629.0,Internet Banking,true,false,false,Low,false,1,2799815.0,3475486.0,0,16,2413689.0,2025-12-24 14:00:00,0,1,1250237.0,0.0,1,471538.0,1,0,0,1,0,2,0,245020.0,0,,0,0,High Value,true,true,Active,Low Risk,Digital Activation
C0137,Sarah Koffi,Abidjan,Treichville,SME employee,Mass,516380.0,Mobile App,true,false,false,Low,false,1,1511357.0,1519331.0,1,10,2195460.0,2025-08-29 07:56:00,1,1,2717276.0,10.0,1,551716.0,1,0,0,3,1,1,0,105142.0,0,,0,0,Medium Value,true,true,Active,High Risk,Digital Activation
C0100,Moussa NGuessan,Abidjan,Adjame,Teacher,Affluent,1112768.0,Branch,true,false,true,Low,false,1,5194818.0,3779156.0,0,28,6961078.0,2025-12-08 11:52:00,1,1,5527040.0,0.0,0,0.0,0,0,0,2,0,1,0,5920.0,0,,0,0,High Value,true,true,Active,High Risk,Card Offer
C0102,Kouadio Ouattara,Bouake,Commerce,Health worker,Mass,706066.0,Branch,true,false,true,Low,true,2,3754363.0,1469640.5,1,31,9576874.0,2025-12-08 12:31:00,0,1,4680291.0,0.0,0,0.0,0,0,0,3,0,2,1,489053.0,0,,0,0,Medium Value,true,true,Active,Low Risk,Card Offer
C0128,Nadia Ouattara,Bouake,Kennedy,Health worker,Mass,294249.0,ATM,true,false,false,Medium,true,2,989193.0,575467.5,1,71,14239416.0,2025-12-30 12:00:00,1,1,834081.0,0.0,0,0.0,0,0,0,3,1,1,0,191132.0,0,,0,0,Low Value,true,true,Active,High Risk,Card Offer
C0132,Akissi Koffi,Bouake,Kennedy,Salaried employee,Premier,3373558.0,ATM,true,false,true,Low,true,1,7266387.0,9524955.0,1,31,5396836.0,2025-12-07 18:10:00,0,1,4311232.0,0.0,0,0.0,0,0,0,2,0,1,0,166607.0,0,,0,0,High Value,true,true,Active,Low Risk,Card Offer
C0016,Fatou Coulibaly,Abidjan,Marcory,Health worker,Mass,633000.0,ATM,true,false,false,Low,true,2,1637123.0,719702.0,1,65,12859748.0,2025-12-28 16:55:00,1,0,0.0,0.0,1,621062.0,1,1,0,3,0,0,0,0.0,0,,0,0,Medium Value,true,true,Active,High Risk,Personal Loan Offer
C0044,Koffi Bakayoko,Abidjan,Adjame,Civil servant,Affluent,799547.0,Mobile App,true,true,false,Low,true,1,980034.0,1286542.0,1,13,2864718.0,2025-12-24 13:38:00,0,0,0.0,0.0,1,68496.0,0,1,0,3,2,0,0,0.0,0,,0,0,Medium Value,true,true,Active,High Risk,Personal Loan Offer
C0069,Murielle Kouame,San Pedro,Lac,Health worker,Affluent,1553273.0,Internet Banking,true,false,false,Low,true,1,2420307.0,2086800.0,0,14,1530920.0,2025-11-29 09:34:00,0,0,0.0,0.0,1,541401.0,0,1,0,3,2,0,0,0.0,0,,0,0,High Value,true,true,Active,High Risk,Personal Loan Offer
C0004,Abdoulaye Kouame,Abidjan,Marcory,Consultant,Mass,300936.0,Mobile App,true,false,true,Low,true,2,751198.0,340705.0,1,47,11455206.0,2025-12-06 12:49:00,1,0,0.0,0.0,1,482388.0,1,0,0,1,0,0,0,0.0,0,,0,0,Low Value,true,true,Active,High Risk,Digital Activation
C0022,Ismael Kouassi,Bouake,Commerce,Student,Premier,3940221.0,Branch,false,true,true,Low,false,2,8859992.0,6283168.0,1,45,10735762.0,2025-12-29 20:33:00,0,0,0.0,0.0,1,424187.0,0,0,0,3,1,0,0,0.0,0,,0,0,High Value,true,true,Active,Medium Risk,Personal Loan Offer
C0024,Adama Bamba,Yamoussoukro,Morofe,Teacher,Youth,122447.0,Branch,true,false,false,Low,true,1,276501.0,195327.0,0,33,6587076.0,2025-11-23 18:36:00,1,0,0.0,0.0,1,265537.0,0,0,0,1,0,0,0,0.0,0,,0,0,Low Value,true,true,Active,High Risk,Digital Activation
C0031,Aminata Konan,San Pedro,Lac,Entrepreneur,Mass,421687.0,Mobile App,false,true,false,Medium,false,1,760457.0,836596.0,1,10,4452974.0,2025-11-05 09:38:00,1,0,0.0,0.0,1,220545.0,1,0,0,1,0,0,0,0.0,0,,0,0,Low Value,true,true,Active,High Risk,Digital Activation
C0035,Nguessan Bamba,Abidjan,Cocody,Civil servant,Mass,334261.0,Branch,true,false,false,Low,true,1,1120916.0,1043700.0,1,15,1391217.0,2025-12-22 10:27:00,1,0,0.0,0.0,1,193489.0,1,0,0,2,0,0,0,0.0,0,,0,0,Medium Value,true,true,Active,High Risk,Digital Activation
C0040,Ismael Kacou,Abidjan,Plateau,Consultant,Mass,659803.0,ATM,true,false,false,Low,false,1,1604150.0,1451479.0,0,22,5456940.0,2025-12-23 20:03:00,1,0,0.0,0.0,1,436536.0,1,0,0,3,0,0,0,0.0,0,,0,0,Medium Value,true,true,Active,High Risk,Personal Loan Offer
C0043,Jean NGuessan,Yamoussoukro,Morofe,Civil servant,Mass,538005.0,Branch,true,false,true,Low,true,2,1706142.0,677779.0,1,54,11478096.0,2025-12-22 14:14:00,2,0,0.0,0.0,1,324901.0,1,0,0,3,1,0,0,0.0,0,,0,0,Medium Value,true,true,Active,High Risk,Personal Loan Offer
C0051,Adama Soro,Abidjan,Cocody,SME employee,Affluent,1340819.0,Branch,true,false,true,Low,true,1,2901797.0,2096895.0,0,16,5923706.0,2025-12-16 18:03:00,0,0,0.0,0.0,1,148165.0,1,0,0,3,1,0,0,0.0,0,,0,0,Medium Value,true,true,Active,Medium Risk,Personal Loan Offer
C0053,Nguessan Yao,Abidjan,Yopougon,Civil servant,Youth,235911.0,Internet Banking,true,true,true,Low,true,2,1117752.0,574949.5,1,62,12519694.0,2025-12-26 21:32:00,1,0,0.0,0.0,1,281245.0,1,0,0,3,2,0,0,0.0,0,,0,0,Medium Value,true,true,Active,High Risk,Digital Activation
C0058,Abdoulaye Kone,Abidjan,Yopougon,Trader,Mass,189512.0,Internet Banking,true,false,true,Low,true,1,488160.0,312840.0,1,24,8958198.0,2025-12-31 21:10:00,0,0,0.0,0.0,1,565565.0,1,0,0,2,1,0,0,0.0,0,,0,0,Low Value,true,true,Active,Medium Risk,Digital Activation
C0065,Ismael Ndiaye,Abidjan,Yopougon,SME employee,Mass,224084.0,Branch,false,false,true,Low,true,1,496649.0,312660.0,1,23,3115080.0,2025-12-30 17:41:00,0,0,0.0,0.0,1,598188.0,1,0,0,2,0,0,0,0.0,0,,0,0,Low Value,true,true,Active,Low Risk,Digital Activation
C0071,Akissi Konan,Yamoussoukro,Habitat,Entrepreneur,Affluent,1099331.0,Mobile App,true,true,false,Medium,true,1,1511150.0,2071501.0,1,15,3696692.0,2025-12-29 20:01:00,1,0,0.0,0.0,1,543435.0,1,0,0,3,0,0,0,0.0,0,,0,0,Medium Value,true,true,Active,High Risk,Personal Loan Offer
C0084,Fatou Konan,Abidjan,Adjame,Civil servant,Mass,673528.0,Branch,true,true,true,Low,true,2,1305362.0,738189.0,1,47,12672577.0,2025-12-21 08:01:00,0,0,0.0,0.0,1,59299.0,1,0,0,2,0,0,0,0.0,0,,0,0,Medium Value,true,true,Active,Low Risk,Personal Loan Offer
C0090,Moussa Kone,Abidjan,Treichville,Civil servant,Mass,384873.0,Mobile App,true,false,false,Low,true,2,1709292.0,751043.0,1,32,6690266.0,2025-12-30 10:14:00,0,0,0.0,0.0,1,31973.0,1,0,0,2,0,0,0,0.0,0,,0,0,Medium Value,true,true,Active,Low Risk,Digital Activation
C0097,Abdoulaye NGuessan,Korhogo,Soba,Civil servant,Youth,189569.0,Mobile App,true,true,true,Medium,true,1,637136.0,450016.0,0,15,2090704.0,2025-12-12 09:24:00,0,0,0.0,0.0,1,272723.0,1,0,0,1,0,0,0,0.0,0,,0,0,Low Value,true,true,Active,Low Risk,Digital Activation
C0104,Fatou Soro,Abidjan,Adjame,Entrepreneur,Mass,607274.0,ATM,true,false,false,Low,true,1,1407018.0,1228850.0,1,22,10752947.0,2025-12-26 20:56:00,0,0,0.0,0.0,1,51219.0,0,0,0,3,0,0,0,0.0,0,,0,0,Medium Value,true,true,Active,Low Risk,Personal Loan Offer
C0116,Ismael Yao,Abidjan,Adjame,SME employee,Mass,584939.0,Internet Banking,true,true,false,Low,true,2,2574286.0,1719825.5,1,51,9536351.0,2025-12-26 12:14:00,1,0,0.0,0.0,1,348469.0,1,0,0,3,1,0,0,0.0,0,,0,0,Medium Value,true,true,Active,High Risk,Personal Loan Offer
C0133,Adama Kone,Bouake,Kennedy,Entrepreneur,Mass,517532.0,Mobile App,true,false,true,Low,true,1,2530412.0,1751186.0,1,23,5995911.0,2025-12-03 13:04:00,0,0,0.0,0.0,1,645018.0,0,0,0,1,0,0,0,0.0,0,,0,0,Medium Value,true,true,Active,Low Risk,Personal Loan Offer
C0036,Kouadio Diabate,Korhogo,Koko,Health worker,Affluent,1418329.0,ATM,true,false,false,Low,true,1,3101676.0,5025451.0,0,13,2565278.0,2025-10-26 15:43:00,0,0,0.0,0.0,0,0.0,0,1,0,1,0,0,0,0.0,0,,0,0,Medium Value,true,true,Active,Medium Risk,Card Offer
C0087,Fatou Toure,Abidjan,Cocody,SME employee,Premier,2291669.0,ATM,true,false,true,Low,true,2,21133980.0,8289349.5,1,28,9902511.0,2025-12-30 07:11:00,2,0,0.0,0.0,0,0.0,0,1,0,3,0,0,0,0.0,0,,0,0,High Value,true,true,Active,High Risk,Card Offer
C0017,Fatou Koffi,Abidjan,Marcory,Health worker,Mass,259460.0,Mobile App,true,false,true,Low,true,1,520409.0,390430.0,0,12,1801551.0,2025-12-12 07:56:00,0,1,265813.0,5.0,1,480284.0,0,1,0,1,0,0,0,0.0,0,,0,0,Low Value,true,true,Active,Medium Risk,Digital Activation
C0032,Abdoulaye Kone,Abidjan,Adjame,Civil servant,Mass,296284.0,ATM,false,false,true,Low,true,1,1245275.0,977993.0,0,16,5161554.0,2025-12-24 13:01:00,0,1,1956471.0,0.0,0,0.0,0,1,0,2,0,0,0,0.0,0,,0,0,Medium Value,true,true,Active,Medium Risk,Card Offer
C0080,Kouadio Bamba,Abidjan,Marcory,Salaried employee,Mass,339346.0,Mobile App,false,true,false,Medium,true,1,413608.0,324252.0,1,12,3091016.0,2025-11-08 18:55:00,0,1,220724.0,0.0,0,0.0,0,1,0,2,1,0,0,0.0,0,,0,0,Low Value,true,true,Active,Medium Risk,Card Offer
C0057,Blaise Koffi,Abidjan,Marcory,Health worker,Mass,627661.0,ATM,false,false,false,Low,true,1,1572803.0,1079395.0,1,19,2638043.0,2025-12-24 10:01:00,0,0,0.0,0.0,0,0.0,0,0,0,1,0,0,0,0.0,0,,0,0,Medium Value,false,true,Active,Low Risk,Card Offer
C0081,Murielle Konan,Abidjan,Marcory,Civil servant,Mass,541567.0,ATM,true,false,false,Low,true,1,1175500.0,1809538.0,0,26,6356219.0,2025-12-31 20:11:00,0,0,0.0,0.0,0,0.0,0,0,0,3,0,0,0,0.0,0,,0,0,Medium Value,true,true,Active,Low Risk,Card Offer
C0123,Aminata Konan,Abidjan,Yopougon,Engineer,Youth,121126.0,Branch,true,false,true,Medium,true,1,649667.0,453961.0,0,17,2223719.0,2025-10-14 21:04:00,0,0,0.0,0.0,0,0.0,0,0,0,2,0,0,0,0.0,0,,0,0,Low Value,true,true,Active,Low Risk,Card Offer
C0129,Yao Kone,Abidjan,Adjame,Consultant,Mass,704918.0,ATM,true,false,false,Low,true,1,1397316.0,1049815.0,1,24,5171208.0,2025-12-03 17:03:00,0,0,0.0,0.0,0,0.0,0,0,0,3,0,0,0,0.0,0,,0,0,Medium Value,true,true,Active,Low Risk,Card Offer
C0131,Aminata Ndiaye,Abidjan,Yopougon,Salaried employee,Mass,245304.0,ATM,false,true,true,Medium,true,2,1223212.0,555712.5,0,36,7158993.0,2025-12-25 21:34:00,1,0,0.0,0.0,0,0.0,0,0,0,3,0,0,0,0.0,0,,0,0,Medium Value,true,true,Active,High Risk,Card Offer
C0086,Kouadio Soro,Bouake,Kennedy,Civil servant,Affluent,1560360.0,ATM,true,true,true,Low,false,2,10570618.0,3640656.5,0,45,13697588.0,2025-12-23 08:06:00,1,1,2453835.0,0.0,1,488909.0,1,0,0,3,0,0,0,0.0,0,,0,0,High Value,true,true,Active,High Risk,Digital Activation
C0099,Yao Toure,San Pedro,Bardot,Entrepreneur,Affluent,1038294.0,Internet Banking,false,false,true,Low,true,2,4754757.0,2886237.5,0,45,11501296.0,2025-12-25 08:04:00,1,1,3335830.0,0.0,1,219188.0,1,0,0,3,2,0,0,0.0,0,,0,0,Medium Value,true,true,Active,High Risk,Digital Activation
C0127,Sarah Ndiaye,Abidjan,Adjame,Civil servant,Mass,701748.0,Mobile App,true,true,true,Medium,true,1,2840807.0,2489059.0,1,19,6402641.0,2025-12-16 09:33:00,0,1,436604.0,0.0,1,21737.0,1,0,0,3,1,0,0,0.0,0,,0,0,Medium Value,true,true,Active,Medium Risk,Digital Activation
C0130,Rokia Konan,Abidjan,Plateau,Student,Affluent,970816.0,Branch,true,false,true,Medium,true,2,6203602.0,2253939.0,1,37,4482145.0,2025-12-29 18:57:00,0,1,790270.0,0.0,1,147728.0,1,0,0,1,1,0,0,0.0,0,,0,0,High Value,true,true,Active,Medium Risk,Digital Activation
C0139,Aminata Kacou,San Pedro,Bardot,Civil servant,Mass,238288.0,Branch,true,false,true,Low,true,2,744932.0,417971.0,1,60,16411428.0,2025-11-05 18:54:00,1,1,1233504.0,0.0,1,65220.0,1,0,0,2,0,0,0,0.0,0,,0,0,Low Value,true,true,Active,High Risk,Digital Activation
C0028,Aminata Kouassi,Abidjan,Plateau,Civil servant,Affluent,896965.0,Mobile App,true,false,false,Low,true,1,1191220.0,864022.0,1,12,2346630.0,2025-12-17 08:36:00,1,1,798485.0,0.0,0,0.0,0,0,0,2,2,0,0,0.0,0,,0,0,Medium Value,true,true,Active,High Risk,Card Offer
C0041,Nguessan Soro,Korhogo,Soba,Teacher,Affluent,1593282.0,Branch,false,false,false,Low,true,1,5481708.0,5759942.0,1,14,5813216.0,2025-12-18 08:50:00,0,1,3708910.0,0.0,0,0.0,0,0,0,3,0,0,0,0.0,0,,0,0,High Value,false,true,Active,Low Risk,Card Offer
C0047,Abdoulaye Bakayoko,Korhogo,Koko,Health worker,Mass,653871.0,ATM,true,true,false,Medium,true,1,1153228.0,770971.0,1,14,5696853.0,2025-12-24 14:01:00,0,1,2840183.0,10.0,0,0.0,0,0,0,1,0,0,0,0.0,0,,0,0,Medium Value,true,true,Active,Low Risk,Card Offer
C0008,Yao Ouattara,Abidjan,Plateau,Health worker,Mass,719031.0,ATM,true,false,true,Low,true,1,428942.0,432438.0,0,38,8589067.0,2025-12-31 17:53:00,1,0,0.0,0.0,1,475420.0,1,1,1,0,0,2,1,216654.0,0,,0,0,Medium Value,true,true,Active,High Risk,Personal Loan Offer
C0072,Fatou Ndiaye,Abidjan,Cocody,Engineer,Affluent,910551.0,Internet Banking,true,false,false,Low,false,1,335522.0,281213.0,1,14,1751242.0,2025-11-27 07:51:00,0,0,0.0,0.0,1,175376.0,1,1,0,0,0,2,1,104594.0,0,,0,0,Medium Value,true,true,Active,Medium Risk,Personal Loan Offer
C0135,Solange Toure,Abidjan,Treichville,Student,Affluent,1266732.0,Branch,true,true,false,Low,false,2,5144417.0,3049755.5,1,63,12087616.0,2025-12-15 17:33:00,4,0,0.0,0.0,1,618995.0,1,1,0,0,0,1,1,96086.0,0,,0,0,High Value,true,true,Active,High Risk,Personal Loan Offer
C0003,Amin Coulibaly,Yamoussoukro,Morofe,Teacher,Mass,659441.0,ATM,true,true,false,Low,true,2,1075079.0,469069.0,1,56,12949962.0,2025-12-28 13:23:00,1,0,0.0,0.0,1,133791.0,1,0,0,0,0,1,1,124327.0,0,,0,0,Medium Value,true,true,Active,High Risk,Personal Loan Offer
C0005,Yao Kouadio,Abidjan,Marcory,Student,Premier,2947544.0,Mobile App,false,false,false,Low,true,1,11828970.0,7590817.0,1,32,4518090.0,2025-12-28 12:45:00,0,0,0.0,0.0,1,511554.0,0,0,0,0,0,1,0,185672.0,0,,0,0,High Value,false,true,Active,Low Risk,Personal Loan Offer
C0010,Kouadio Koffi,Abidjan,Marcory,Consultant,Premier,3628679.0,Mobile App,true,false,false,Low,true,2,10848530.0,3519536.0,1,30,6553657.0,2025-12-20 13:26:00,0,0,0.0,0.0,1,173907.0,1,0,0,0,0,1,1,99053.0,0,,0,0,High Value,true,true,Active,Low Risk,Personal Loan Offer
C0011,Akissi Kouame,Abidjan,Yopougon,Student,Premier,3606153.0,Branch,true,true,true,Low,true,2,16750621.0,6739551.5,0,60,17684706.0,2025-12-31 09:01:00,2,0,0.0,0.0,1,50712.0,1,0,0,0,0,2,0,336439.0,0,,0,0,High Value,true,true,Active,High Risk,Personal Loan Offer
C0019,Mariam Coulibaly,Abidjan,Yopougon,Engineer,Mass,472843.0,ATM,true,true,true,Medium,true,1,2676192.0,1734088.0,1,29,6931918.0,2025-12-28 18:53:00,0,0,0.0,0.0,1,336619.0,1,0,0,0,0,2,0,417167.0,0,,0,0,Medium Value,true,true,Active,Low Risk,Digital Activation
C0020,Bintou Ouattara,Bouake,Commerce,Trader,Mass,184204.0,Branch,true,false,false,Low,true,1,984334.0,672440.0,1,23,10872096.0,2025-12-27 16:18:00,0,0,0.0,0.0,1,382325.0,1,0,0,0,0,2,1,252812.0,0,,0,0,Low Value,true,true,Active,Low Risk,Digital Activation
C0064,Moussa Aka,Bouake,Commerce,Trader,Affluent,847324.0,Internet Banking,false,false,false,Low,false,1,1352757.0,1091022.0,0,38,12055907.0,2025-12-28 14:03:00,2,0,0.0,0.0,1,13398.0,0,0,0,0,0,2,0,367556.0,0,,0,0,Medium Value,false,true,Active,High Risk,Personal Loan Offer
C0066,Murielle Coulibaly,Abidjan,Plateau,Engineer,Mass,418971.0,ATM,true,false,false,Medium,true,2,2109728.0,835715.5,1,57,12243560.0,2025-12-26 10:11:00,2,0,0.0,0.0,1,26591.0,1,0,0,0,0,1,0,247480.0,0,,0,0,Medium Value,true,true,Active,High Risk,Digital Activation
C0088,Clarisse Coulibaly,Abidjan,Treichville,Salaried employee,Mass,704605.0,Mobile App,false,false,true,High,false,1,370565.0,463336.0,1,14,2492192.0,2025-11-14 14:37:00,1,0,0.0,0.0,1,505749.0,1,0,0,0,0,1,0,19899.0,0,,0,0,Medium Value,true,true,Active,High Risk,Personal Loan Offer
C0106,Blaise Soro,Abidjan,Cocody,Student,Mass,559210.0,Branch,true,true,false,Low,true,2,2279630.0,1237023.0,0,47,10984272.0,2025-12-24 11:57:00,0,0,0.0,0.0,1,301533.0,1,0,0,0,0,2,0,248329.0,0,,0,0,Medium Value,true,true,Active,Low Risk,Personal Loan Offer
C0110,Clarisse Kouadio,Abidjan,Cocody,Health worker,Mass,694591.0,ATM,false,false,false,Low,true,1,592814.0,391642.0,1,21,4821687.0,2025-11-06 14:53:00,1,0,0.0,0.0,1,390084.0,0,0,0,0,0,2,0,239265.0,0,,0,0,Medium Value,false,true,Active,High Risk,Personal Loan Offer
C0113,Jean Mendy,Abidjan,Marcory,Consultant,Youth,113383.0,Mobile App,true,false,true,Low,true,1,172553.0,163109.0,0,24,8504210.0,2025-12-07 09:53:00,0,0,0.0,0.0,1,101009.0,0,0,0,0,0,2,1,60577.0,0,,0,0,Low Value,true,true,Active,Low Risk,Digital Activation
C0126,Fatou Yao,Abidjan,Cocody,Engineer,Affluent,1484720.0,Branch,true,false,true,Medium,true,1,7269076.0,5609367.0,1,22,5574371.0,2025-12-22 12:43:00,1,0,0.0,0.0,1,162377.0,1,0,0,0,0,2,1,286286.0,0,,0,0,High Value,true,true,Active,High Risk,Personal Loan Offer
C0007,Sarah Kouassi,Abidjan,Cocody,Salaried employee,Youth,96419.0,ATM,false,false,false,Low,true,1,319995.0,245374.0,1,13,1847304.0,2025-12-25 18:57:00,1,0,0.0,0.0,0,0.0,0,1,0,0,0,2,1,270047.0,0,,0,0,Low Value,false,true,Active,High Risk,Card Offer
C0037,Murielle NGuessan,Korhogo,Koko,Entrepreneur,Mass,264179.0,Mobile App,false,false,true,Low,true,1,492426.0,746243.0,1,13,4818090.0,2025-12-05 10:13:00,0,0,0.0,0.0,0,0.0,0,1,0,0,0,2,0,269267.0,0,,0,0,Low Value,true,true,Active,Medium Risk,Card Offer
C0140,Abdoulaye Soro,Abidjan,Plateau,Salaried employee,Mass,471000.0,ATM,true,false,false,Medium,true,2,4401348.0,1694584.5,1,41,12477413.0,2025-11-29 17:42:00,1,0,0.0,0.0,0,0.0,0,1,0,0,0,1,1,40050.0,0,,0,0,Medium Value,true,true,Active,High Risk,Card Offer
C0029,Aminata Bamba,Abidjan,Marcory,Civil servant,Youth,58829.0,ATM,true,false,true,Low,true,1,35070.0,50483.0,0,14,2127595.0,2025-09-30 16:58:00,0,0,0.0,0.0,0,0.0,0,0,0,0,0,2,0,370416.0,0,,0,0,Low Value,true,true,Active,Low Risk,Card Offer
C0114,Clarisse Soro,Yamoussoukro,Morofe,Civil servant,Mass,484177.0,ATM,true,false,true,Low,true,2,4006129.0,1445788.5,0,51,9001407.0,2025-12-30 20:30:00,0,0,0.0,0.0,0,0.0,0,0,0,0,0,1,0,156746.0,0,,0,0,Medium Value,true,true,Active,Low Risk,Card Offer
C0120,Nguessan Kone,Bouake,Commerce,Trader,Mass,593048.0,Internet Banking,true,false,false,High,false,2,3304723.0,1368858.5,1,34,4549625.0,2025-12-02 11:00:00,2,0,0.0,0.0,0,0.0,0,0,0,0,0,2,0,231764.0,0,,0,0,Medium Value,true,true,Active,High Risk,Card Offer
C0056,Yao Ouattara,San Pedro,Bardot,Consultant,Affluent,1670603.0,Internet Banking,true,true,true,Low,true,2,14442370.0,5821701.0,1,52,18563108.0,2025-12-31 12:17:00,2,1,332768.0,0.0,1,308610.0,1,0,0,0,0,1,0,247854.0,0,,0,0,High Value,true,true,Active,High Risk,Digital Activation
C0085,Koffi Mendy,Abidjan,Treichville,Teacher,Mass,529817.0,ATM,true,false,false,Low,true,1,1432928.0,1334593.0,0,25,4935458.0,2025-12-24 18:57:00,0,1,2576824.0,30.0,1,198261.0,0,0,0,0,0,2,0,260083.0,0,,0,0,Medium Value,true,true,Active,Low Risk,Digital Activation
C0107,Nguessan Mendy,Abidjan,Cocody,Engineer,Affluent,1723770.0,Branch,true,true,false,Low,true,1,481947.0,738863.0,1,33,13919449.0,2025-12-19 11:20:00,0,1,337436.0,10.0,0,0.0,0,0,0,0,0,2,1,295143.0,0,,0,0,High Value,true,true,Active,Low Risk,Card Offer
C0092,Clarisse Kone,Abidjan,Cocody,SME employee,Mass,567986.0,Mobile App,false,false,false,High,true,1,1986741.0,1592132.0,1,14,5553772.0,2025-12-30 08:16:00,0,0,0.0,0.0,1,579371.0,0,1,0,0,0,0,0,0.0,0,,0,0,Medium Value,false,true,Active,Medium Risk,Personal Loan Offer
C0109,Aminata Coulibaly,Bouake,Kennedy,Engineer,Mass,234167.0,Branch,true,false,true,Medium,true,1,795628.0,624383.0,1,32,8847829.0,2025-12-09 16:36:00,4,0,0.0,0.0,1,529894.0,1,1,0,0,0,0,0,0.0,0,,0,0,Low Value,true,true,Active,High Risk,Digital Activation
C0121,Murielle Ouattara,San Pedro,Lac,Student,Affluent,1115345.0,ATM,true,false,false,Low,true,1,2177020.0,1669546.0,1,19,7689251.0,2025-12-27 21:12:00,1,0,0.0,0.0,1,66864.0,0,1,1,0,0,0,0,0.0,0,,0,0,Medium Value,true,true,Active,High Risk,Personal Loan Offer
C0009,Moussa NGuessan,Bouake,Commerce,Health worker,Mass,348600.0,Mobile App,false,false,false,Low,true,1,582068.0,763271.0,0,22,5457816.0,2025-12-03 11:09:00,0,0,0.0,0.0,1,419260.0,1,0,0,0,0,0,0,0.0,0,,0,0,Low Value,false,true,Active,Low Risk,Digital Activation
C0018,Nadia Bamba,Abidjan,Cocody,Entrepreneur,Mass,713881.0,Internet Banking,true,true,false,Low,true,2,538537.0,288786.0,1,36,8047983.0,2025-12-16 20:31:00,2,0,0.0,0.0,1,31724.0,1,0,0,0,0,0,0,0.0,0,,0,0,Medium Value,true,true,Active,High Risk,Personal Loan Offer
C0033,Murielle Aka,Abidjan,Adjame,Teacher,Premier,1926629.0,Branch,false,false,false,High,true,1,6443806.0,6542743.0,1,35,6897881.0,2025-12-30 07:25:00,1,0,0.0,0.0,1,511501.0,1,0,0,0,0,0,0,0.0,0,,0,0,High Value,false,true,Active,High Risk,Personal Loan Offer
C0055,Solange NGuessan,Korhogo,Soba,Consultant,Mass,407119.0,Mobile App,true,false,false,Low,true,1,1480462.0,1531855.0,0,25,4222228.0,2025-12-15 15:52:00,0,0,0.0,0.0,1,94148.0,1,0,0,0,0,0,0,0.0,0,,0,0,Medium Value,true,true,Active,Low Risk,Digital Activation
C0073,Amin Soro,Korhogo,Soba,Engineer,Mass,427249.0,ATM,true,false,true,Low,true,2,1381614.0,767756.5,1,72,17950693.0,2025-12-29 08:15:00,2,0,0.0,0.0,1,36275.0,0,0,0,0,0,0,0,0.0,0,,0,0,Medium Value,true,true,Active,High Risk,Digital Activation
C0119,Kouadio Koffi,Abidjan,Plateau,Civil servant,Mass,603893.0,Branch,true,false,false,Low,false,2,4504880.0,2024000.0,1,32,14593028.0,2025-12-30 20:00:00,0,0,0.0,0.0,1,415693.0,1,0,0,0,0,0,0,0.0,0,,0,0,Medium Value,true,true,Active,Low Risk,Personal Loan Offer
C0138,Koffi Soro,Abidjan,Cocody,Student,Affluent,943816.0,Mobile App,true,false,false,Low,true,1,3748500.0,2767038.0,1,28,7304277.0,2025-12-31 15:49:00,0,0,0.0,0.0,1,71143.0,1,0,0,0,0,0,0,0.0,0,,0,0,Medium Value,true,true,Active,Low Risk,Personal Loan Offer
C0001,Blaise Diabate,Abidjan,Plateau,SME employee,Mass,271161.0,Branch,true,false,false,Medium,false,1,565947.0,805952.0,1,21,2519722.0,2025-12-12 13:57:00,0,0,0.0,0.0,0,0.0,0,1,0,0,0,0,0,0.0,0,,0,0,Low Value,true,true,Active,Medium Risk,Card Offer
C0025,Moussa Mendy,Abidjan,Treichville,Entrepreneur,Mass,280614.0,Branch,true,false,false,Low,false,1,738719.0,855326.0,0,36,8351151.0,2025-12-29 17:21:00,0,1,4475284.0,30.0,1,420628.0,1,1,0,0,0,0,0,0.0,0,,0,0,Low Value,true,true,Active,Medium Risk,Digital Activation
C0105,Abdoulaye Koffi,Abidjan,Marcory,Salaried employee,Mass,379634.0,ATM,true,false,false,Medium,false,1,2079546.0,1327735.0,1,27,8428380.0,2025-12-30 11:21:00,0,0,0.0,0.0,0,0.0,0,0,0,0,0,0,0,0.0,0,,0,0,Medium Value,true,true,Active,Low Risk,Card Offer
C0026,Koffi Traore,Abidjan,Marcory,Civil servant,Mass,491032.0,Branch,true,false,true,Low,true,1,1875316.0,1338559.0,1,36,11199742.0,2025-11-12 21:04:00,0,1,2934433.0,0.0,0,0.0,0,0,0,0,0,0,0,0.0,0,,0,0,Medium Value,true,true,Active,Low Risk,Card Offer
C0075,Mariam Kone,Bouake,Kennedy,Student,Affluent,1393489.0,Branch,true,true,true,Low,true,2,8893507.0,4321700.5,1,61,17986244.0,2025-11-19 19:38:00,0,1,2875793.0,0.0,0,0.0,0,0,0,0,0,0,0,0.0,0,,0,0,High Value,true,true,Active,Low Risk,Card Offer
C0002,Mariam Bamba,Daloa,Lobia,Student,Mass,383880.0,ATM,true,false,true,Medium,true,2,3340914.0,1105919.0,0,67,22080071.0,2025-12-26 21:17:00,0,0,0.0,0.0,1,372147.0,1,1,0,1,0,1,1,139932.0,3,2025-01-18 19:41:00,3,0,Medium Value,true,false,Active,Medium Risk,Service Recovery
C0027,Yao Toure,Yamoussoukro,Morofe,Engineer,Premier,2558330.0,ATM,true,true,true,Low,true,1,3607845.0,4681122.0,0,27,10528482.0,2025-12-28 10:24:00,1,0,0.0,0.0,1,323049.0,0,1,0,1,0,1,0,19703.0,3,2024-12-20 20:10:00,0,0,High Value,true,true,Active,High Risk,Personal Loan Offer
C0034,Awa Diabate,Abidjan,Yopougon,Trader,Mass,433645.0,Mobile App,true,false,false,Low,true,2,1601137.0,734517.5,1,57,19286837.0,2025-12-31 14:51:00,2,0,0.0,0.0,1,422936.0,0,1,0,2,0,2,0,262073.0,3,2025-01-26 18:05:00,3,0,Medium Value,true,false,Active,High Risk,Service Recovery
C0046,Adama Kouadio,Abidjan,Cocody,Health worker,Affluent,1390919.0,Mobile App,true,false,true,Low,false,1,5294871.0,3357338.0,1,10,1868510.0,2025-12-30 21:56:00,0,0,0.0,0.0,1,305610.0,0,1,0,2,0,1,0,147018.0,2,2024-11-10 09:16:00,0,0,High Value,true,true,Active,Medium Risk,Personal Loan Offer
C0061,Ismael Coulibaly,Abidjan,Marcory,SME employee,Affluent,1557027.0,Internet Banking,true,false,false,Low,false,1,5962138.0,3790256.0,0,10,1206083.0,2025-12-15 07:26:00,0,0,0.0,0.0,1,48941.0,1,1,0,3,1,1,0,189116.0,2,2025-01-20 06:59:00,2,0,High Value,true,false,Active,Medium Risk,Personal Loan Offer
C0063,Bintou Diabate,Abidjan,Plateau,Salaried employee,Mass,486983.0,ATM,false,false,true,Low,true,1,999657.0,745859.0,1,38,7995387.0,2025-12-19 16:57:00,2,0,0.0,0.0,1,574373.0,1,1,0,2,1,1,0,169718.0,2,2025-01-27 21:17:00,2,1,Low Value,true,false,Active,High Risk,Service Recovery
C0067,Fatou Kouadio,San Pedro,Bardot,Student,Mass,474192.0,ATM,true,false,false,Low,false,1,2703084.0,1711810.0,1,10,3243784.0,2025-11-12 08:02:00,0,0,0.0,0.0,1,46704.0,1,1,0,3,0,2,1,133721.0,2,2025-01-08 13:29:00,2,0,Medium Value,true,false,Active,Medium Risk,Service Recovery
C0074,Nguessan Soro,Abidjan,Cocody,Salaried employee,Mass,616577.0,ATM,true,false,true,Low,true,1,1439166.0,2288114.0,0,21,2755401.0,2025-11-16 11:14:00,0,0,0.0,0.0,1,216835.0,1,1,0,2,0,2,0,40560.0,2,2024-12-15 11:18:00,0,0,Medium Value,true,true,Active,Medium Risk,Personal Loan Offer
C0098,Murielle NGuessan,Abidjan,Cocody,Civil servant,Mass,265293.0,Branch,false,true,false,Low,true,2,2073273.0,809215.5,0,54,17017465.0,2025-12-31 10:23:00,0,0,0.0,0.0,1,401836.0,1,1,0,1,0,2,1,205693.0,1,2024-10-14 17:40:00,0,0,Medium Value,true,true,Active,Medium Risk,Digital Activation
C0101,Akissi Mendy,San Pedro,Bardot,Entrepreneur,Mass,642916.0,Mobile App,false,true,false,Low,true,1,2122130.0,2162917.0,1,13,5573317.0,2025-11-21 20:39:00,0,0,0.0,0.0,1,626886.0,0,1,0,2,0,2,0,370447.0,2,2025-01-24 07:18:00,2,0,Medium Value,true,false,Active,Medium Risk,Personal Loan Offer
C0111,Rokia Kacou,Daloa,Tazibouo,Trader,Affluent,1012085.0,Mobile App,false,false,false,Low,false,1,1558912.0,1448111.0,1,27,3409204.0,2025-12-30 12:00:00,0,0,0.0,0.0,1,275060.0,1,1,0,3,1,1,0,97945.0,2,2024-12-29 16:04:00,0,0,Medium Value,false,true,Active,Medium Risk,Personal Loan Offer
C0115,Bintou Soro,Korhogo,Soba,Student,Premier,3621466.0,Internet Banking,false,false,true,High,false,1,5524958.0,4541254.0,1,37,8933253.0,2025-12-26 19:48:00,0,0,0.0,0.0,1,382289.0,1,1,0,2,2,2,2,22674.0,2,2025-01-28 20:02:00,2,1,High Value,true,false,Active,High Risk,Personal Loan Offer
C0023,Murielle Bakayoko,San Pedro,Lac,Salaried employee,Affluent,1042692.0,Internet Banking,true,false,false,Low,true,1,2413013.0,2184797.0,0,28,5632616.0,2025-11-07 21:09:00,0,0,0.0,0.0,1,586408.0,0,0,0,3,0,1,0,21177.0,2,2025-01-09 12:22:00,2,0,Medium Value,true,false,Active,Low Risk,Personal Loan Offer
C0038,Blaise Traore,Abidjan,Cocody,Health worker,Mass,583661.0,Branch,true,false,false,Low,true,1,533080.0,750828.0,1,18,5517432.0,2025-12-08 20:35:00,0,0,0.0,0.0,1,80023.0,1,0,0,2,1,2,1,217219.0,1,2024-11-30 15:45:00,0,0,Medium Value,true,true,Active,Medium Risk,Personal Loan Offer
C0045,Murielle Kouame,Daloa,Tazibouo,Consultant,Affluent,1696736.0,Mobile App,true,true,false,High,false,2,9349278.0,3098467.5,1,33,3088981.0,2025-12-11 15:12:00,0,0,0.0,0.0,1,152953.0,0,0,0,1,0,1,0,106500.0,1,2025-01-16 09:09:00,1,0,High Value,true,false,Active,Low Risk,Personal Loan Offer
